Workbook

Sheet S6a
A1: site | B1: depth | C1: var | D1: val (µmol g-1) | E1: MAR (g m-2 yr-1) | F1: SD | H1: Burial rate (µmol m-2 yr-1) | I1: Burial rate (µmol m-2 d-1) Jburial | J1: Burial rate (mmol m-2 d-1)
A2: HF_H | B2: 1 | C2: rFe | D2: 135.69156
A3: HF_H | B3: 2 | C3: rFe | D3: 115.98529
A4: HF_H | B4: 3 | C4: rFe | D4: 96.508134
A5: HF_H | B5: 4 | C5: rFe | D5: 75.143526
A6: HF_H | B6: 5 | C6: rFe | D6: 81.829555
A7: HF_H | B7: 6 | C7: rFe | D7: 85.03381
A8: HF_H | B8: 7 | C8: rFe | D8: 90.695533
A9: HF_H | B9: 8 | C9: rFe | D9: 106.92277
A10: HF_H | B10: 9 | C10: rFe | D10: 88.98741
A11: HF_H | B11: 10 | C11: rFe | D11: 77.015144
A12: HF_H | B12: 11 | C12: rFe | D12: 67.105694
A13: HF_H | B13: 12 | C13: rFe | D13: 64.850543
... A17: HF_H | B17: 15 | C17: rFe | D17: 55.29477
A18: HF_H | B18: 15 | C18: rFe | D18: 67.514733 | G18: SD | H18: =(AVERAGE(D16:D18))*F19 -> 5152.3488 | I18: =H18/365 -> 14.116024 | J18: =I18/1000 -> 0.014116024
A19: HF_H | B19: Total | C19: rFe | E19: 1150 | F19: 80 | G19: Average | H19: =(AVERAGE(D16:D18))*E19 -> 74065.014 | I19: =H19/365 -> 202.91785 | J19: =I19/1000 -> 0.20291785
A20: HF_C | B20: 1 | C20: rFe | D20: 102.6422
A21: HF_C | B21: 2 | C21: rFe | D21: 109.25321
A22: HF_C | B22: 3 | C22: rFe | D22: 101.85392
A23: HF_C | B23: 4 | C23: rFe | D23: 97.744866
A24: HF_C | B24: 5 | C24: rFe | D24: 104.8727
A25: HF_C | B25: 6 | C25: rFe | D25: 114.16742
A26: HF_C | B26: 7 | C26: rFe | D26: 131.42271
A27: HF_C | B27: 8 | C27: rFe | D27: 124.70075
A28: HF_C | B28: 9 | C28: rFe | D28: 165.49023
A29: HF_C | B29: 10 | C29: rFe | D29: 139.20162
A30: HF_C | B30: 11 | C30: rFe | D30: 140.28086
A31: HF_C | B31: 12 | C31: rFe | D31: 113.27811
... A34: HF_C | B34: 14 | C34: rFe | D34: 127.53006
A35: HF_C | B35: 14 | C35: rFe | D35: 132.13413 | G35: SD | H35: =(AVERAGE(D33:D35))*F36 -> 14227.737 | I35: =H35/365 -> 38.980101 | J35: =I35/1000 -> 0.038980101
A36: HF_C | B36: Total | C36: rFe | E36: 1640 | F36: 110 | G36: Average | H36: =(AVERAGE(D33:D35))*E36 -> 212122.62 | I36: =H36/365 -> 581.15787 | J36: =I36/1000 -> 0.58115787
A37: HF_M | B37: 1 | C37: rFe | D37: 148.37982
A38: HF_M | B38: 2 | C38: rFe | D38: 122.38327
A39: HF_M | B39: 3 | C39: rFe | D39: 108.58473
A40: HF_M | B40: 4 | C40: rFe | D40: 111.81018
A41: HF_M | B41: 5 | C41: rFe | D41: 139.82781
A42: HF_M | B42: 6 | C42: rFe | D42: 109.47902
A43: HF_M | B43: 7 | C43: rFe | D43: 112.53855
A44: HF_M | B44: 8 | C44: rFe | D44: 111.97586
A45: HF_M | B45: 9 | C45: rFe | D45: 124.81739
A46: HF_M | B46: 10 | C46: rFe | D46: 119.05756
A47: HF_M | B47: 11 | C47: rFe | D47: 140.47003
A48: HF_M | B48: 12 | C48: rFe | D48: 138.33625
... A50: HF_M | B50: 13 | C50: rFe | D50: 162.051
A51: HF_M | B51: 13 | C51: rFe | D51: 160.6067 | G51: SD | H51: =(AVERAGE(D49:D51))*F52 -> 79116.214 | I51: =H51/365 -> 216.75675 | J51: =I51/1000 -> 0.21675675
A52: HF_M | B52: Total | C52: rFe | E52: 4700 | F52: 500 | G52: Average | H52: =(AVERAGE(D49:D51))*E52 -> 743692.41 | I52: =H52/365 -> 2037.5135 | J52: =I52/1000 -> 2.0375135
A53: BF_H | B53: 1 | C53: rFe | D53: 135.99978
A54: BF_H | B54: 2 | C54: rFe | D54: 104.23563
A55: BF_H | B55: 3 | C55: rFe | D55: 116.70316
A56: BF_H | B56: 4 | C56: rFe | D56: 119.77878
A57: BF_H | B57: 5 | C57: rFe | D57: 113.10356
A58: BF_H | B58: 6 | C58: rFe | D58: 103.80816
A59: BF_H | B59: 7 | C59: rFe | D59: 102.82033
A60: BF_H | B60: 8 | C60: rFe | D60: 94.625209
A61: BF_H | B61: 9 | C61: rFe | D61: 105.09458
A62: BF_H | B62: 10 | C62: rFe | D62: 108.51406
A63: BF_H | B63: 11 | C63: rFe | D63: 106.36726
A64: BF_H | B64: 12 | C64: rFe | D64: 112.88157
A65: BF_H | B65: 12 | C65: rFe | D65: 102.90735
A66: BF_H | B66: 12 | C66: rFe | D66: 109.88068 | G66: SD | H66: =(AVERAGE(D64:D66))*F67 -> 4342.2614 | I66: =H66/365 -> 11.896607 | J66: =I66/1000 -> 0.011896607
A67: BF_H | B67: Total | C67: rFe | E67: 470 | F67: 40 | G67: Average | H67: =(AVERAGE(D64:D66))*E67 -> 51021.571 | I67: =H67/365 -> 139.78513 | J67: =I67/1000 -> 0.13978513
A68: BF_C | B68: 1 | C68: rFe | D68: 199.78815
A69: BF_C | B69: 2 | C69: rFe | D69: 251.36214
A70: BF_C | B70: 3 | C70: rFe | D70: 192.01454
A71: BF_C | B71: 4 | C71: rFe | D71: 211.66489
A72: BF_C | B72: 5 | C72: rFe | D72: 155.1294
A73: BF_C | B73: 6 | C73: rFe | D73: 156.53071
A74: BF_C | B74: 7 | C74: rFe | D74: 159.87808
A75: BF_C | B75: 8 | C75: rFe | D75: 173.4086
A76: BF_C | B76: 9 | C76: rFe | D76: 259.36016
A77: BF_C | B77: 10 | C77: rFe | D77: 287.04319
A78: BF_C | B78: 11 | C78: rFe | D78: 167.84414
A79: BF_C | B79: 12 | C79: rFe | D79: 137.87627
A80: BF_C | B80: 12 | C80: rFe | D80: 139.49278
A81: BF_C | B81: 12 | C81: rFe | D81: 131.94678 | G81: SD | H81: =(AVERAGE(D79:D81))*F82 -> 1364.3861 | I81: =H81/365 -> 3.7380442 | J81: =I81/1000 -> 0.0037380442
A82: BF_C | B82: Total | C82: rFe | E82: 380 | F82: 10 | G82: Average | H82: =(AVERAGE(D79:D81))*E82 -> 51846.673 | I82: =H82/365 -> 142.04568 | J82: =I82/1000 -> 0.14204568
A83: BF_M | B83: 1 | C83: rFe | D83: 212.22552
A84: BF_M | B84: 2 | C84: rFe | D84: 201.23152
A85: BF_M | B85: 3 | C85: rFe | D85: 220.40102
A86: BF_M | B86: 4 | C86: rFe | D86: 179.25972
A87: BF_M | B87: 5 | C87: rFe | D87: 183.23694
A88: BF_M | B88: 6 | C88: rFe | D88: 171.71961
A89: BF_M | B89: 7 | C89: rFe | D89: 167.49455
A90: BF_M | B90: 8 | C90: rFe | D90: 159.93604
A91: BF_M | B91: 9 | C91: rFe | D91: 168.46853
A92: BF_M | B92: 10 | C92: rFe | D92: 175.8708
A93: BF_M | B93: 11 | C93: rFe | D93: 137.68916
A94: BF_M | B94: 12 | C94: rFe | D94: 144.15737
... A96: BF_M | B96: 13 | C96: rFe | D96: 139.69794
A97: BF_M | B97: 13 | C97: rFe | D97: 124.03765 | G97: SD | H97: =(AVERAGE(D95:D97))*F98 -> 11655.621 | I97: =H97/365 -> 31.933209 | J97: =I97/1000 -> 0.031933209
A98: BF_M | B98: Total | C98: rFe | E98: 840 | F98: 90 | G98: Average | H98: =(AVERAGE(D95:D97))*E98 -> 108785.8 | I98: =H98/365 -> 298.04328 | J98: =I98/1000 -> 0.29804328
A99: GF_H | B99: 1 | C99: rFe | D99: 194.50772
A100: GF_H | B100: 2 | C100: rFe | D100: 177.70257
A101: GF_H | B101: 3 | C101: rFe | D101: 167.10351
A102: GF_H | B102: 4 | C102: rFe | D102: 155.36311
A103: GF_H | B103: 5 | C103: rFe | D103: 134.08527
A104: GF_H | B104: 6 | C104: rFe | D104: 115.60796
A105: GF_H | B105: 7 | C105: rFe | D105: 117.47683
A106: GF_H | B106: 8 | C106: rFe | D106: 121.47821
A107: GF_H | B107: 9 | C107: rFe | D107: 108.41367
...

Sheet S6b
A1: Burialrates (mmol m-2 d-1)
A2: Site | B2: rFe - burial | C2: SD | D2: FeS₂ - burial | E2: SD | F2: rMn - burial | G2: SD
A3: HH | B3: 0.20291785 | C3: =S6a!J18 -> 0.014116024 | D3: 0.52106027 | E3: =S6a!J163 -> 0.032164384 | F3: 0.0038220519 | G3: =S6a!J295 -> 0.00026588187
A4: HC | B4: 0.58115787 | C4: =S6a!J35 -> 0.038980101 | D4: 0.2649611 | E4: =S6a!J178 -> 0.014642557 | F4: 0.0099525796 | G4: =S6a!J313 -> 0.00066755107
A5: HM | B5: 2.0375135 | C5: =S6a!J51 -> 0.21675675 | D5: 0.7234137 | E5: =S6a!J192 -> 0.077273973 | F5: 0.053250895 | G5: =S6a!J330 -> 0.0056649888
A6: GH | B6: 0.075900937 | C6: =S6a!J115 -> 0.0090627984 | D6: 0.14378384 | E6: =S6a!J248 -> 0.014111416 | F6: 0.0011770911 | G6: =S6a!J398 -> 0.00014054819
A7: GC | B7: 0.78825823 | C7: =S6a!J131 -> 0.052550549 | D7: 0.11589041 | E7: =S6a!J262 -> 0.0078200913 | F7: 0.28321554 | G7: =S6a!J415 -> 0.018881036
A8: GM | B8: 0.69261411 | C8: =S6a!J147 -> 0.068637434 | D8: 0.47276877 | E8: =S6a!J276 -> 0.030828128 | F8: 0.018369584 | G8: =S6a!J432 -> 0.0018204093
A9: BH | B9: 0.13978513 | C9: =S6a!J66 -> 0.011896607 | D9: 0.12553507 | E9: =S6a!J205 -> 0.0083324201 | F9: 0.003222655 | G9: =S6a!J346 -> 0.00027426851
A10: BC | B10: 0.14204568 | C10: =S6a!J81 -> 0.0037380442 | D10: 0.30745644 | E10: =S6a!J218 -> 0.0067367123 | F10: 0.0010469999 | G10: =S6a!J362 -> 2.7552628e-05
A11: BM | B11: 0.29804328 | C11: =S6a!J97 -> 0.031933209 | D11: 0.40064548 | E11: =S6a!J232 -> 0.047392603 | F11: 0.002110596 | G11: =S6a!J379 -> 0.00022613528

Sheet Plots
